Title,Title_URL,carticlecard_article_eyebrow_URL,carticlecard_article_eyebrow,Description
"A redesigned Slack, built for focus",https://slack.com/intl/en-gb/blog/productivity/a-redesigned-slack-built-for-focus,https://slack.com/intl/en-gb/blog/productivity,Productivity,A bit of polish to help make you more productive
Transform how sales teams work and win with Slack Sales Elevate,https://slack.com/intl/en-gb/blog/news/slack-sales-elevate,https://slack.com/intl/en-gb/blog/news,News,"Our new solution takes sales productivity to new heights with powerful tools and Sales Cloud insights directly in Slack
"
The State of Work in 2023,https://slack.com/intl/en-gb/blog/news/state-of-work-2023,https://slack.com/intl/en-gb/blog/news,News,"A new global survey highlights the many obstacles to productivity facing desk workers today – and the new, better ways that leaders can support them "
"Introducing Slack GPT, the future of AI in Slack",https://slack.com/intl/en-gb/blog/news/introducing-slack-gpt,https://slack.com/intl/en-gb/blog/news,News,"Bringing the power of generative AI in Slack to help you work smarter, learn faster and communicate better"
How Slack helps to close deals in a tough economy,https://slack.com/intl/en-gb/blog/productivity/productivity-how-close-deals-in-a-tough-economy,https://slack.com/intl/en-gb/blog/productivity,Productivity,Learn how our enterprise sales reps close deals faster with Slack
What’s new in Slack: A look back at 2022,https://slack.com/intl/en-gb/blog/transformation/whats-new-2022,https://slack.com/intl/en-gb/blog/transformation,Transformation,Maximise productivity with these digital-first collaboration innovations
Slack Security Update,https://slack.com/intl/en-gb/blog/news/slack-security-update,https://slack.com/intl/en-gb/blog/news,News,"Because we take security, privacy, and transparency very seriously, we are sharing the details of a recent incident."
Close deals faster with a powerful Sales Cloud and Slack solution,https://slack.com/intl/en-gb/blog/news/close-deals-faster-with-new-solution-for-sales,https://slack.com/intl/en-gb/blog/news,News,"The future of selling is here, with tools that drive sales teams’ speed and efficiency"
"RMIT Online: an in-house disruptor, powered by Slack",https://slack.com/intl/en-gb/blog/productivity/rmit-online-an-in-house-disruptor-powered-by-slack,https://slack.com/intl/en-gb/blog/productivity,Productivity,"“To improve work in the future, we have to improve work itself. We can't just add nice frills around the outside.” "
Your digital HQ just got better with Slack canvas,https://slack.com/intl/en-gb/blog/productivity/your-digital-hq-just-got-better-with-slack-canvas,https://slack.com/intl/en-gb/blog/productivity,Productivity,Introducing a surface that boosts team productivity by turbocharging Slack and Salesforce Customer 360’s value
Slack and Salesforce consulting partners launch industry-specific solutions,https://slack.com/intl/en-gb/blog/news/slack-and-salesforce-consulting-partners-launch-industry-solutions,https://slack.com/intl/en-gb/blog/news,News,"First wave of Slack Partner Industry Solutions will support customers in Financial Services, Manufacturing, Communications, Retail, Media and Tech"
What is a digital HQ? (And why you need one now.),https://slack.com/intl/en-gb/blog/productivity/what-is-a-digital-hq,https://slack.com/intl/en-gb/blog/productivity,Productivity,Today’s top companies are embracing a more flexible and productive way of working by uniting their teams and tools in one place
Slack Frontiers is coming to London,https://slack.com/intl/en-gb/blog/news/slack-frontiers-is-coming-to-london,https://slack.com/intl/en-gb/blog/news,News,"On 11 October, join us at Slack Frontiers Europe to take on today’s toughest challenges and come out winning"
"What’s new in Slack: Channel manager role, increased accessibility and more",https://slack.com/intl/en-gb/blog/productivity/whats-new-in-slack-channel-manager-role-accessibility,https://slack.com/intl/en-gb/blog/productivity,Productivity,New enhancements to your digital HQ make it easier than ever to work from anywhere 
Defence in depth: Three new security features to protect your digital HQ,https://slack.com/intl/en-gb/blog/news/three-new-security-features-to-protect-your-digital-hq,https://slack.com/intl/en-gb/blog/news,News,"Offering even more transparency, these enhancements empower teams to feel secure as they embrace the future of work"
Ocado Group and Just Eat Takeaway.com: Using Slack to Build Their Digital HQs,https://slack.com/intl/en-gb/blog/collaboration/ocado-group-just-eat-takeaway-com-slack-digital-hq,https://slack.com/intl/en-gb/blog/collaboration,Collaboration,Tech pioneers in the food industry share their experiences of Slack as the collaboration engine of their digital HQs.
New Slack updates to make your digital HQ more accessible and equitable,https://slack.com/intl/en-gb/blog/news/slack-updates-accessible-equitable,https://slack.com/intl/en-gb/blog/news,News,Introducing new ways for users with disabilities to get the most out of Slack
"New guide: How to make external collaboration more secure, faster and more productive",https://slack.com/intl/en-gb/blog/collaboration/new-guide-slack-connect,https://slack.com/intl/en-gb/blog/collaboration,Collaboration,"How five Aussie companies have embraced Slack Connect to change the way they work with external partners, customers and vendors. "
Everything that you need to know about our first price change and subscription updates,https://slack.com/intl/en-gb/blog/news/pricing-and-plan-updates,https://slack.com/intl/en-gb/blog/news,News,"Over the years, we have transformed Slack from a channel-based messaging app to your digital HQ, adding more value to empower our customers"
Beyond the smile: how emoji use has evolved in the workplace,https://slack.com/intl/en-gb/blog/collaboration/emoji-use-at-work,https://slack.com/intl/en-gb/blog/collaboration,Collaboration,"We surveyed 9,400 hybrid workers around the world to understand the current state of emoji. "
Slack plus Sales Cloud: your sales team’s new productivity platform,https://slack.com/intl/en-gb/blog/collaboration/salesforce-and-slack-for-sales-and-service,https://slack.com/intl/en-gb/blog/collaboration,Collaboration,"Why everyone on your sales team will benefit from our app’s great features
"
Slack and the Aspen Institute collaborate to help formerly incarcerated individuals build careers in tech,https://slack.com/intl/en-gb/blog/news/slack-and-the-aspen-institute-collaborate-to-help-formerly-incarcerated-individuals-build-careers-in-tech,https://slack.com/intl/en-gb/blog/news,News,"New initiative called Rework Reentry will help to scale Next Chapter to additional companies across the United States
"
Next Chapter expands to 14 companies,https://slack.com/intl/en-gb/blog/news/next-chapter-expands-to-14-companies,https://slack.com/intl/en-gb/blog/news,News,"PayPal, Asana and Stash join as hiring partners
"
Home/Free documentary shines a light on re-entry barriers for the formerly incarcerated,https://slack.com/intl/en-gb/blog/news/home-free-documentary-shines-a-light-on-re-entry-barriers-for-formerly-incarcerated,https://slack.com/intl/en-gb/blog/news,News,"Slack, Next Chapter, John Legend’s FREEAMERICA and the Equal Justice Initiative join forces on powerful new documentary film




"
Introducing new ways to work side by side in Slack huddles,https://slack.com/intl/en-gb/blog/productivity/introducing-new-ways-to-work-in-slack-huddles,https://slack.com/intl/en-gb/blog/productivity,Productivity,Embrace the future of co-working in your digital HQ
Focus Fridays and Maker Weeks at Slack,https://slack.com/intl/en-gb/blog/news/focus-fridays-and-maker-weeks-at-slack,https://slack.com/intl/en-gb/blog/news,News,"New programmes provide more time for focus, and more freedom from the 9 to 5, for employees at Slack
"
Seven tips to onboard sales reps with ease,https://slack.com/intl/en-gb/blog/productivity/onboarding-sales-reps,https://slack.com/intl/en-gb/blog/productivity,Productivity,It’s critical to bring new reps into the fold quickly and set them up for success. Here’s a look at how we do it at Slack 
Slack and Salesforce release new tools to accelerate team performance,https://slack.com/intl/en-gb/blog/news/slack-salesforce-new-tools-accelerate-team-performance,https://slack.com/intl/en-gb/blog/news,News,"How we’re bridging the gap between teams, tools and data so that everyone can work together faster to deliver customer-centric solutions "
Unlocking the power of case swarming with Slack and Salesforce,https://slack.com/intl/en-gb/blog/collaboration/unlocking-the-power-of-case-swarming-with-slack-and-salesforce,https://slack.com/intl/en-gb/blog/collaboration,Collaboration,"In our new series, customer service leaders discuss industry trends, including how embracing a tierless model can help agents to resolve issues faster"
Why financial advisors need a digital HQ now,https://slack.com/intl/en-gb/blog/transformation/why-financial-advisors-need-a-digital-hq-now,https://slack.com/intl/en-gb/blog/transformation,Transformation,How firms can drive collaboration while complying with regulatory standards
Inflexible return-to-office policies are hammering employee experience scores,https://slack.com/intl/en-gb/blog/news/inflexible-return-office-policies-impacting-employee-experience-scores,https://slack.com/intl/en-gb/blog/news,News,"Future Forum data shows employee experience scores plummeting as ‘RTO’ policies take effect, particularly for those without schedule flexibility"
Why nearly 80% of Fortune 100 companies rely on Slack Connect to build their digital HQ,https://slack.com/intl/en-gb/blog/transformation/fortune-100-rely-slack-connect-build-digital-hq,https://slack.com/intl/en-gb/blog/transformation,Transformation,Nurture stronger relationships with customers and foster seamless communication with external partners using this award-winning product of choice
How to run effective virtual and in-person meetings,https://slack.com/intl/en-gb/blog/productivity/run-effective-meetings,https://slack.com/intl/en-gb/blog/productivity,Productivity,"Whether you are hosting meetings virtually or in-person, these six handy communication strategies will help you keep meetings helpful and productive. "
A guide to Slackbot custom responses,https://slack.com/intl/en-gb/blog/productivity/mind-the-bot-a-guide-to-slackbot-custom-responses,https://slack.com/intl/en-gb/blog/productivity,Productivity,"How to create automated answers for frequently asked workplace questions, productively nudge coworkers, and more"
Productivity Hack: automate periodic reminders for Slack,https://slack.com/intl/en-gb/blog/productivity/make-it-a-habit-periodic-reminders-for-slack,https://slack.com/intl/en-gb/blog/productivity,Productivity,"Daily, weekly, and monthly cues keep big projects moving forward and little tasks on your radar"
Collaborate with kindness: Consider these etiquette tips in Slack,https://slack.com/intl/en-gb/blog/collaboration/etiquette-tips-in-slack,https://slack.com/intl/en-gb/blog/collaboration,Collaboration,Reduce notifications and minimize distractions with these best practices for channels and direct messages
New collaboration tools to help you work from anywhere,https://slack.com/intl/en-gb/blog/collaboration/new-tools-to-help-you-work-from-anywhere,https://slack.com/intl/en-gb/blog/collaboration,Collaboration,Your headquarters for a digital-first way of working—now with reimagined voice and video capabilities
6 simple ways to foster a positive hybrid work environment,https://slack.com/intl/en-gb/blog/collaboration/ways-foster-positive-work-environment,https://slack.com/intl/en-gb/blog/collaboration,Collaboration,"As hybrid workplaces become the norm, maintaining employee satisfaction and a positive culture is more important than ever. "
5 proven methods for boosting employee morale,https://slack.com/intl/en-gb/blog/collaboration/methods-boosting-employee-morale,https://slack.com/intl/en-gb/blog/collaboration,Collaboration,Learn how companies with highly-rated cultures boost morale and productivity at hybrid and in-person workplaces. 
5 tips for effective collaboration at work,https://slack.com/intl/en-gb/blog/collaboration/5-tips-for-effective-collaboration-at-work,https://slack.com/intl/en-gb/blog/collaboration,Collaboration,"To successfully work toward a common goal, start with communication, clear expectations and mutual trust"
Collaborative leadership: an inclusive way to manage virtual teams,https://slack.com/intl/en-gb/blog/collaboration/collaborative-leadership-top-down-team-centric,https://slack.com/intl/en-gb/blog/collaboration,Collaboration,Learn how taking a collaborative leadership approach may increase the output and engagement of distributed teams. 
A new look and improved functionality for the Slack iPad app,https://slack.com/intl/en-gb/blog/news/ipad-app-new-look-improved-functionality,https://slack.com/intl/en-gb/blog/news,News,"Introducing ways to help you stay productive, organised and connected from anywhere"
Slack supercharges customer success with an expanded global consulting partner ecosystem,https://slack.com/intl/en-gb/blog/news/slack-expands-global-consulting-partner-ecosystem,https://slack.com/intl/en-gb/blog/news,News,Businesses are transforming work for the digital-first era with the help of Slack’s expert consulting partners
Meet the trailblazing women behind our digital HQ,https://slack.com/intl/en-gb/blog/productivity/meet-the-trailblazing-women-behind-our-digital-hq,https://slack.com/intl/en-gb/blog/productivity,Productivity,"Career advice from Slack and Salesforce leaders building our product, shaping our story and guiding our future"
Transforming customer service at Intuit and Influx,https://slack.com/intl/en-gb/blog/transformation/transforming-customer-service-intuit-influx,https://slack.com/intl/en-gb/blog/transformation,Transformation,How top companies are empowering agents and delighting customers with Slack
"How 42 keeps campuses, staff and students connected and collaborating",https://slack.com/intl/en-gb/blog/productivity/ecole-42,https://slack.com/intl/en-gb/blog/productivity,Productivity,This tuition-free school uses Slack to develop the next generation of computer programmers
A new mode for quicker code,https://slack.com/intl/en-gb/blog/developers/bt-new-mode-for-quicker-code,https://slack.com/intl/en-gb/blog/developers,Developers,"With Slack, BT has simplified how its tech teams work and collaborate "
An update on the Apache Log4j2 vulnerability,https://slack.com/intl/en-gb/blog/news/an-update-on-the-apache-log4j2-vulnerability,https://slack.com/intl/en-gb/blog/news,News, 
What’s new in Slack: Get to know our most helpful releases of 2021,https://slack.com/intl/en-gb/blog/productivity/whats-new-in-slack-audio-video-scheduled-send,https://slack.com/intl/en-gb/blog/productivity,Productivity,"Audio and video features, plus a few simple ways to bring more customers, partners and tools into your digital HQ"
Making tomorrow’s workday better with Slack,https://slack.com/intl/en-gb/blog/transformation/future-workday-better-platform,https://slack.com/intl/en-gb/blog/transformation,Transformation,Preview the possibilities of our next-generation Slack platform
Accelerating customer growth and retention for Slack partners,https://slack.com/intl/en-gb/blog/developers/accelerate-customer-growth-retention,https://slack.com/intl/en-gb/blog/developers,Developers,Learn how platform features announced at Frontiers help developers reach and engage more people
Introducing the new Slack platform to level up your digital HQ,https://slack.com/intl/en-gb/blog/transformation/new-slack-platform-digital-hq,https://slack.com/intl/en-gb/blog/transformation,Transformation,"Now anyone can customise the way that work gets done across teams, partners, customers and tools in Slack"
"Introducing a faster, simpler way to build Slack apps",https://slack.com/intl/en-gb/blog/developers/faster-simpler-way-build-apps,https://slack.com/intl/en-gb/blog/developers,Developers,"A next-generation set of features makes it easier to build, manage and deploy custom Slack apps"
How to put an end to customer misery,https://slack.com/intl/en-gb/blog/transformation/put-an-end-to-customer-misery,https://slack.com/intl/en-gb/blog/transformation,Transformation,Avoid breaking promises and improve customer service with these three steps 
Building the future of work with the new Slack Community Forum,https://slack.com/intl/en-gb/blog/developers/the-new-slack-community-forum,https://slack.com/intl/en-gb/blog/developers,Developers,Head of community Elizabeth Kinsey shares why we created a space for users to get more out of Slack
IDC MarketScape names Slack a leader,https://slack.com/intl/en-gb/blog/news/idc-marketscape-names-slack-a-leader,https://slack.com/intl/en-gb/blog/news,News,Learn how Slack is positioned in new vendor assessment of worldwide collaboration and community applications
"Learn, connect and get inspired at Slack Frontiers 2021",https://slack.com/intl/en-gb/blog/transformation/dont-miss-slack-frontiers-2021,https://slack.com/intl/en-gb/blog/transformation,Transformation,"Power up your team, further your career and build your digital HQ for the work-from-anywhere world"
"Work smarter, from anywhere: How IT leaders are shaping the new normal",https://slack.com/intl/en-gb/blog/transformation/work-smarter-from-anywhere-how-it-leaders-are-shaping-the-new-normal,https://slack.com/intl/en-gb/blog/transformation,Transformation,
Please hold—the tech revolution that’s changing customer service,https://slack.com/intl/en-gb/blog/collaboration/the-future-of-customer-service-providing-flexible-connected-journeys-and-removing-friction,https://slack.com/intl/en-gb/blog/collaboration,Collaboration,
The great executive-employee disconnect,https://slack.com/intl/en-gb/blog/news/the-great-executive-employee-disconnect,https://slack.com/intl/en-gb/blog/news,News,New Future Forum Pulse study reveals that the view of the office looks different from the top
"The shape of work to come: Hybrid, holistic and human",https://slack.com/intl/en-gb/blog/collaboration/the-shape-of-work-to-come-hybrid-holistic-and-human,https://slack.com/intl/en-gb/blog/collaboration,Collaboration,Giving employees more autonomy isn’t one and done—you also need to prevent burnout and promote fairness
New Slack product innovations unveiled at Dreamforce,https://slack.com/intl/en-gb/blog/news/slack-innovations-unveiled-dreamforce,https://slack.com/intl/en-gb/blog/news,News,"Building a digital headquarters that enables more flexible, inclusive and productive ways of working"
Your ultimate guide to Slack at Dreamforce 2021,https://slack.com/intl/en-gb/blog/news/slack-at-dreamforce-guide,https://slack.com/intl/en-gb/blog/news,News,"From live keynote presentations to demos and discussions, discover all the great Slack content planned for Dreamforce from 21st to 23rd September"
Salesforce’s support team resolves cases 26% faster with Slack,https://slack.com/intl/en-gb/blog/collaboration/salesforces-support-resolves-cases-faster,https://slack.com/intl/en-gb/blog/collaboration,Collaboration,"The enterprise company relies on channels and workflows for swarming cases, resolving customer issues faster than ever "
Boost teamwork in the hybrid workplace with Slack,https://slack.com/intl/en-gb/blog/collaboration/boost-teamwork-slack,https://slack.com/intl/en-gb/blog/collaboration,Collaboration,"In a digital-first work world, team engagement has never been more important; here are three ways to forge deeper teamwork in Slack"
The case for empathy: How fast-moving companies are centring humanity,https://slack.com/intl/en-gb/blog/collaboration/the-case-for-empathy-how-fast-moving-companies-are-centring-humanity,https://slack.com/intl/en-gb/blog/collaboration,Collaboration,
"Better collaboration, fewer meetings: how to keep teams aligned with Slack",https://slack.com/intl/en-gb/blog/productivity/stay-informed-aligned-slack,https://slack.com/intl/en-gb/blog/productivity,Productivity,Take advantage of powerful features to help everyone share updates and stay informed
Salesforce completes acquisition of Slack,https://slack.com/intl/en-gb/blog/news/salesforce-completes-acquisition-of-slack,https://slack.com/intl/en-gb/blog/news,News,"Together, Salesforce and Slack are creating the digital HQ for success from anywhere"
Take control of your time with these simple Slack tips,https://slack.com/intl/en-gb/blog/productivity/maximize-your-time-with-slack,https://slack.com/intl/en-gb/blog/productivity,Productivity,Accomplish a little more each day by customising Slack to reflect your own way of working
"Working aloud: Why Dell, TIBCO and Cookpad are turning to lightweight audio chats in Slack",https://slack.com/intl/en-gb/blog/collaboration/how-slack-customers-collaborate-with-huddles,https://slack.com/intl/en-gb/blog/collaboration,Collaboration,"Slack Huddles, a new way to re-create the informal discussions of the office, is accelerating decision-making and advancing team culture"
Reinvent work and unlock faster collaboration in IT,https://slack.com/intl/en-gb/blog/transformation/reinvent-work-and-unlock-faster-collaboration-in-it,https://slack.com/intl/en-gb/blog/transformation,Transformation,"With our new guide, discover how IT teams are leveraging Slack to boost productivity and engagement in a new world of work"
Reinvent work with a new digital sales floor,https://slack.com/intl/en-gb/blog/transformation/reinvent-work-with-a-new-digital-sales-floor,https://slack.com/intl/en-gb/blog/transformation,Transformation,"In our guide, discover how sales teams can grow revenue and maximise customer retention in the new digital-first world of work"
How service teams are reinventing the customer experience,https://slack.com/intl/en-gb/blog/transformation/how-service-teams-are-reinventing-the-customer-experience,https://slack.com/intl/en-gb/blog/transformation,Transformation,"With our new guide, learn how companies are changing tools and tactics to better serve customers in the digital-first world of work"
How dev teams are leading the reinvention of work,https://slack.com/intl/en-gb/blog/transformation/how-dev-teams-are-leading-the-reinvention-of-work,https://slack.com/intl/en-gb/blog/transformation,Transformation,"In our new e-book, discover how developers can stay connected and ship code faster in a changing world of work"
Roadmap for the future of work,https://slack.com/intl/en-gb/blog/transformation/roadmap-for-the-future-of-work,https://slack.com/intl/en-gb/blog/transformation,Transformation,"With flexible principles, work will be easier, better, more productive and maybe even a little more joyful."
Winning the war for talent in the post-pandemic world,https://slack.com/intl/en-gb/blog/news/winning-the-war-for-talent-in-the-post-pandemic-world,https://slack.com/intl/en-gb/blog/news,News,"Future Forum study of 10,000 knowledge workers shows that 93% want flexibility in when and how they work; more than half are open to a job change"
"What’s new in Slack: simplified search, channel bookmarks and more",https://slack.com/intl/en-gb/blog/productivity/whats-new-in-slack-simplified-search-channel-bookmarks,https://slack.com/intl/en-gb/blog/productivity,Productivity,New features to help teams work better – with whomever and whenever
Meet the flag-bearers: Insights and inspiration from Slack Community Leads,https://slack.com/intl/en-gb/blog/transformation/slack-community-leads,https://slack.com/intl/en-gb/blog/transformation,Transformation,Building connection and community from the ground up
Introducing Forrester’s new study: The Total Economic Impact of Slack for Service Teams,https://slack.com/intl/en-gb/blog/productivity/forrester-study-total-economic-impact-of-slack-service-teams,https://slack.com/intl/en-gb/blog/productivity,Productivity,"With Slack, organisations cut the cost of service tickets, boost revenue and improve employee satisfaction, according to the findings "
Introducing Forrester’s new study: The Total Economic Impact of Slack for Sales Teams,https://slack.com/intl/en-gb/blog/productivity/forrester-study-total-economic-impact-of-slack-sales-teams,https://slack.com/intl/en-gb/blog/productivity,Productivity,"The market research firm finds that Slack accelerates sales velocity, boosting revenue to the tune of €2.1M "
Your ultimate guide to Slack Frontiers Asia Pacific and Europe,https://slack.com/intl/en-gb/blog/news/slack-frontiers-asia-pacific-slack-frontiers-europe,https://slack.com/intl/en-gb/blog/news,News,Make sure that you’re all set to plan your best event experience on 18th and 19th May by reviewing this comprehensive instructional guide
"Atlassian, Grab and Slack leaders on why it’s time for a leadership revolution",https://slack.com/intl/en-gb/blog/transformation/atlassian-grab-and-slack-leaders-on-why-its-time-for-a-revolution,https://slack.com/intl/en-gb/blog/transformation,Transformation,"A discussion on leadership and the role of workplace technology for today’s connected, complex world"
How the Influx sales team closes deals faster across 9 time zones with Slack,https://slack.com/intl/en-gb/blog/transformation/how-the-influx-sales-team-closes-deals-faster-across-9-time-zones-with-slack,https://slack.com/intl/en-gb/blog/transformation,Transformation,"The world’s first and largest on-demand support service uses Slack to help monitor real-time sales activity, 24/7. "
The future is collaborative: How communication platforms are shaping the way that we work,https://slack.com/intl/en-gb/blog/transformation/future-collaborative-communication-platforms-shaping-way-we-work,https://slack.com/intl/en-gb/blog/transformation,Transformation,"Data from a global survey of 1,200 IT decision makers and 3,000 users shows the effect and importance of collaboration platforms in the new workplace"
How we launch languages at Slack,https://slack.com/intl/en-gb/blog/collaboration/how-we-launch-languages-at-slack,https://slack.com/intl/en-gb/blog/collaboration,Collaboration,
Note to our Android users,https://slack.com/intl/en-gb/blog/news/note-to-our-android-users,https://slack.com/intl/en-gb/blog/news,News,
Innovation for a new moment,https://slack.com/intl/en-gb/blog/collaboration/innovation-for-a-new-moment,https://slack.com/intl/en-gb/blog/collaboration,Collaboration,Building new tools for a new way of working
Now is your moment to reinvent work,https://slack.com/intl/en-gb/blog/collaboration/now-is-your-moment-to-reinvent-work,https://slack.com/intl/en-gb/blog/collaboration,Collaboration,"It's time to improve inclusion, flexibility and connection among our teams, no matter when or where they’re working"
Three years of removing barriers,https://slack.com/intl/en-gb/blog/news/slacks-next-chapter-program-reaches-new-milestone,https://slack.com/intl/en-gb/blog/news,News,Slack’s Next Chapter programme reaches a new milestone with 11 participating companies
Why a strong company culture is the key to post-pandemic success,https://slack.com/intl/en-gb/blog/collaboration/company-culture-key-post-pandemic-success,https://slack.com/intl/en-gb/blog/collaboration,Collaboration,"Leaders from Monzo Bank, Octopus Energy and Slack on how getting corporate culture right allows teams to thrive
"
The Slack Spotlight Awards: The winning companies and people moving work forward,https://slack.com/intl/en-gb/blog/transformation/the-slack-spotlight-awards,https://slack.com/intl/en-gb/blog/transformation,Transformation,We want to recognize and celebrate the pioneering companies that rose to the challenge of 2020 to reimagine where the future works. 
"What’s new in Slack: mobile video calls, DMs with external partners and more",https://slack.com/intl/en-gb/blog/productivity/whats-new-mobile-video-calls-slack-connect-direct-messages,https://slack.com/intl/en-gb/blog/productivity,Productivity,Handy new features to help your teams work better – with anyone and from anywhere
Hybrid rules: the emerging playbook for flexible work,https://slack.com/intl/en-gb/blog/transformation/emerging-hybrid-playbook-flexible-work,https://slack.com/intl/en-gb/blog/transformation,Transformation,Future Forum releases Q4 results of remote employee experience index data
How engineers at Netflix and PagerDuty outsmart incidents with Slack,https://slack.com/intl/en-gb/blog/collaboration/engineers-netflix-pagerduty-slack,https://slack.com/intl/en-gb/blog/collaboration,Collaboration,An open-source incident management tool and intuitive new Slack integration help these companies quickly respond to software issues
HackMakers hosts Asia-Pacific’s largest cybersecurity hackathon in Slack,https://slack.com/intl/en-gb/blog/collaboration/hackmakers-hosts-asia-pacifics-largest-cybersecurity-hackathon-in-slack,https://slack.com/intl/en-gb/blog/collaboration,Collaboration,"Leveraging Slack channels, integrations and bots, over 2,000 hackers innovate on the future of digital security"
Introducing a new study on The Remote Work Tech Effect,https://slack.com/intl/en-gb/blog/news/the-remote-work-tech-effect-2020,https://slack.com/intl/en-gb/blog/news,News,Australian knowledge workers give us a glimpse of the impact of technology in the workplace in 2020—and there’s no going back to the way it was before
Salesforce signs definitive agreement to acquire Slack,https://slack.com/intl/en-gb/blog/news/salesforce-signs-definitive-agreement-to-acquire-slack,https://slack.com/intl/en-gb/blog/news,News,Combination of no. 1 CRM platform with the most innovative enterprise communications platform creates the operating system for the new way to work
"Executives from Xero, Up and Airwallex on the rise of openness in the workplace",https://slack.com/intl/en-gb/blog/transformation/xero-up-airwallex-on-the-rise-of-openness,https://slack.com/intl/en-gb/blog/transformation,Transformation,"Fast-moving Australian fintech leaders from Xero, Up and Airwallex share why the rise of openness in the workplace matters now more than ever before. "
How DevOps teams use Slack to simplify workflows and stay productive,https://slack.com/intl/en-gb/blog/productivity/devops-slack-simplify-workflows,https://slack.com/intl/en-gb/blog/productivity,Productivity,"Engineering and operations leads from Vodafone, Solarisbank and Veepee share insights for developing a DevOps culture 
"
"Adore Beauty, Iress and Slack executives on why agility is key to adapting to change",https://slack.com/intl/en-gb/blog/transformation/adore-beauty-iress-and-slack-executives-on-why-agility-is-key-to-adapting-to-change,https://slack.com/intl/en-gb/blog/transformation,Transformation,"Modern leaders share how their companies successfully pivoted during Covid-19, and their views on agility as a fundamental business advantage. "
Using Slack as a CPO: how Slack can help you to lead a product organisation,https://slack.com/intl/en-gb/blog/transformation/how-our-own-chief-product-officer-uses-slack,https://slack.com/intl/en-gb/blog/transformation,Transformation,Learn how our Chief Product Officer uses Slack to keep her team aligned and focused from anywhere
GovHack hosts first virtual open-data hackathon on Slack,https://slack.com/intl/en-gb/blog/collaboration/govhack-hackathon-on-slack,https://slack.com/intl/en-gb/blog/collaboration,Collaboration,Slack channels bring together teams who are using government data to solve problems for a post-pandemic future
"Culture Amp, TRIBE and Slack executives on moving culture to the top of the board agenda",https://slack.com/intl/en-gb/blog/transformation/moving-culture-to-the-top-of-the-boardroom-agenda,https://slack.com/intl/en-gb/blog/transformation,Transformation,"Leaders from Culture Amp, TRIBE and Slack on the power of company culture and why employee engagement is critical to business success."
Four reasons why the future of work is best-of-breed,https://slack.com/intl/en-gb/blog/collaboration/future-of-work-best-of-breed,https://slack.com/intl/en-gb/blog/collaboration,Collaboration,"Leaders from Box, Okta, Slack and Zoom agree that customising your tech stack is key to doing your best work"
Exploring better ways to work,https://slack.com/intl/en-gb/blog/news/exploring-better-ways-to-work,https://slack.com/intl/en-gb/blog/news,News,"Reimagining work and management for a more flexible, productive and balanced future"
Rewiring how we work: building a new employee experience for a digital-first world,https://slack.com/intl/en-gb/blog/transformation/remote-employee-experience-index-launch,https://slack.com/intl/en-gb/blog/transformation,Transformation,The Future Forum launches the Remote employee experience index to help organisations to redesign work
Transform your company and bring people closer together with new capabilities from Slack,https://slack.com/intl/en-gb/blog/transformation/people-partners-systems-slack,https://slack.com/intl/en-gb/blog/transformation,Transformation,"Introducing new product innovations to help teams to collaborate, connect to their partners and systems and get work done."
Nadia Rawlinson appointed Chief People Officer of Slack,https://slack.com/intl/en-gb/blog/news/nadia-rawlinson-appointed-chief-people-officer-of-slack,https://slack.com/intl/en-gb/blog/news,News,"Seasoned media, entertainment and technology executive joins to help architect the future of Slack’s distributed workforce"
Atlassian and Slack CEOs on thriving during the disruption of work,https://slack.com/intl/en-gb/blog/transformation/atlassian-and-slack-ceos-on-thriving-during-the-disruption-of-work,https://slack.com/intl/en-gb/blog/transformation,Transformation,"Mike Cannon-Brookes, co-CEO of Atlassian, joined Stewart Butterfield, CEO of Slack, to paint a picture of the future of work
"
A partnership to bring tools and teams together,https://slack.com/intl/en-gb/blog/productivity/slack-atlassian-partnership-update,https://slack.com/intl/en-gb/blog/productivity,Productivity,"We’re making it even easier to unlock the value of your software, with deeper integrations and new features for our shared customers"
Beyond Covid-19: Three trends shaping the future of work,https://slack.com/intl/en-gb/blog/transformation/beyond-covid-19-three-trends-shaping-the-future-of-work,https://slack.com/intl/en-gb/blog/transformation,Transformation,"Leaders from Slack, Wired UK, the Financial Times, HSBC and John Lewis share how their teams are adapting to a radically different working environment"
New guide: Navigating the disruption of work,https://slack.com/intl/en-gb/blog/transformation/intl-en-gb-navigating-the-disruption-of-work,https://slack.com/intl/en-gb/blog/transformation,Transformation,A little help planning for an ever-evolving future
Turn your Slack data into actionable insights with the new Splunk app,https://slack.com/intl/en-gb/blog/collaboration/new-splunk-app-for-slack,https://slack.com/intl/en-gb/blog/collaboration,Collaboration,"The Splunk Audit API App for Slack makes it easy to identify usage trends, detect security threats and drive data-based decisions
"
Introducing powerful new layers of enterprise-grade security,https://slack.com/intl/en-gb/blog/transformation/introducing-new-layers-of-enterprise-grade-security,https://slack.com/intl/en-gb/blog/transformation,Transformation,We’re relentlessly innovating to stay ahead of cybersecurity threats. Here’s how we’re helping customers keep their information and data secure 
Managing Slack at scale: deepen impact with new admin tools,https://slack.com/intl/en-gb/blog/transformation/intl-en-gb-new-admin-tools,https://slack.com/intl/en-gb/blog/transformation,Transformation,Introducing new ways to keep your organisation connected and productive
Introducing data residency for Slack,https://slack.com/intl/en-gb/blog/transformation/intl-uk-introducing-data-residency-for-slack,https://slack.com/intl/en-gb/blog/transformation,Transformation,Slack customers are now able to choose which country or region their data is stored in while fulfilling corporate policies and compliance requirements
Introducing Slack Connect: the future of business communication,https://slack.com/intl/en-gb/blog/transformation/slack-connect,https://slack.com/intl/en-gb/blog/transformation,Transformation,"Organisations can now work securely with multiple partners and vendors in Slack, driving stronger relationships and faster results"
"Building stronger, more aligned partnerships with Slack Connect",https://slack.com/intl/en-gb/blog/collaboration/stronger-aligned-partnerships-slack-connect,https://slack.com/intl/en-gb/blog/collaboration,Collaboration,"Xero, Boldstart Ventures and Segment are bringing multiple organisations together in the same Slack channel to communicate and collaborate"
Three ways to strengthen client relationships with Slack Connect,https://slack.com/intl/en-gb/blog/collaboration/strengthen-client-relationships-slack-channels,https://slack.com/intl/en-gb/blog/collaboration,Collaboration,"How Crema, IQ Accountants and Spark 64 are creating more opportunities for collaboration with clients"
New emoji pack to help with your remote work balance,https://slack.com/intl/en-gb/blog/collaboration/new-emoji-pack-to-help-with-your-remote-work-balance,https://slack.com/intl/en-gb/blog/collaboration,Collaboration,Sharing more about your WFH reality helps your team to come together
Update on Slack office closures from Slack SVP of People Robby Kwok,https://slack.com/intl/en-gb/blog/news/june-update-on-slack-office-closures-from-slack-svp-of-people-robby-kwok,https://slack.com/intl/en-gb/blog/news,News,
Statement from Slack condemning white supremacy and violence against the Black community,https://slack.com/intl/en-gb/blog/news/intl-en-gb-statement-from-slack-condemning-white-supremacy-and-violence-against-the-black-community,https://slack.com/intl/en-gb/blog/news,News,
Maintain your team’s creative flow with the Adobe Creative Cloud app,https://slack.com/intl/en-gb/blog/collaboration/updates-to-the-adobe-creative-cloud-app-for-slack,https://slack.com/intl/en-gb/blog/collaboration,Collaboration,"New updates allow you to share creative assets, preview files and brainstorm with external partners – all within Slack 
"
Supporting business resiliency in Australia and Asia Pacific,https://slack.com/intl/en-gb/blog/news/supporting-business-resiliency-in-australia-and-asia-pacific,https://slack.com/intl/en-gb/blog/news,News,We're dedicated to assisting our growing customer base in APAC throughout the global health crisis and beyond
Chief Product Officer Tamar Yehoshua: How we use Slack at Slack,https://slack.com/intl/en-gb/blog/collaboration/chief-product-officer-tamar-yehoshua-how-we-use-slack-at-slack,https://slack.com/intl/en-gb/blog/collaboration,Collaboration,"On her one-year anniversary, Slack's CPO reflects on staying agile in uncertain times, why channel-based messaging is superior to email and much more"
A guided tour of the newest Slack improvements,https://slack.com/intl/en-gb/blog/productivity/a-guided-tour-of-the-newest-slack-improvements,https://slack.com/intl/en-gb/blog/productivity,Productivity,Senior writer Matt Haughey explains what’s new and what’s moved in the latest Slack desktop experience
Four tips for delivering genuine customer success in a digital world,https://slack.com/intl/en-gb/blog/collaboration/delivering-customer-success-in-a-digital-world,https://slack.com/intl/en-gb/blog/collaboration,Collaboration,Actionable advice from Gainsight’s CEO and Slack’s Head of Customer Success on meeting customers where they are in the midst of a pandemic 
Five new Workflow Builder templates for remote teams,https://slack.com/intl/en-gb/blog/productivity/intl-en-gb-workflow-builder-templates-remote-teams,https://slack.com/intl/en-gb/blog/productivity,Productivity,"Keep teams productive and connected with these templates for automating processes like daily huddles, requests, approvals and more"
How to work from home while being your best self,https://slack.com/intl/en-gb/blog/productivity/how-to-work-from-home-while-being-your-best-self,https://slack.com/intl/en-gb/blog/productivity,Productivity,Learn six practical ways to help you stay connected – and make a difference – while working remotely
The ultimate guide to remote working team collaboration,https://slack.com/intl/en-gb/blog/collaboration/ultimate-guide-collaboration-in-the-workplace,https://slack.com/intl/en-gb/blog/collaboration,Collaboration,"Whether you are hosting meetings virtually or in-person, these six communication strategies will help you keep meetings helpful and productive. "
"Introducing a simpler, more organised Slack",https://slack.com/intl/en-gb/blog/productivity/intl-en-gb-simpler-more-organized-slack,https://slack.com/intl/en-gb/blog/productivity,Productivity,We’re releasing a series of improvements that make working in Slack easier for everyone
Taking our annual global sales event fully digital,https://slack.com/intl/en-gb/blog/transformation/intl-en-gb-staging-digital-events-at-slack,https://slack.com/intl/en-gb/blog/transformation,Transformation,"As a leader, keeping your team safe and healthy is paramount. Here's how we reworked a major event at Slack in response to the coronavirus threat"
"How we host meetings, conferences and events remotely",https://slack.com/intl/en-gb/blog/collaboration/intl-en-gb-remote-meetings-and-events-in-slack,https://slack.com/intl/en-gb/blog/collaboration,Collaboration,"Suddenly found yourself in a virtual working world? Don’t fret! Here’s how you can manage your next all-hands, conference or team meeting digitally "
Lessons from a long-term remote worker,https://slack.com/intl/en-gb/blog/productivity/uk-lessons-from-a-long-term-remote-worker,https://slack.com/intl/en-gb/blog/productivity,Productivity,"Adjusting to telecommuting isn’t always easy, but for Slack senior writer Matt Haughey, working this way is one of his favourite parts of the job"
Helpful how-tos for the transition to remote work,https://slack.com/intl/en-gb/blog/collaboration/intl-en-gb-helpful-how-tos-for-the-transition-to-remote-work,https://slack.com/intl/en-gb/blog/collaboration,Collaboration,Our best tips and tricks to make remote working soon feel routine
Business continuity at Slack: keeping our customers up and running during COVID-19,https://slack.com/intl/en-gb/blog/news/business-continuity-at-slack-keeping-our-customers-up-and-running-during-covid-19,https://slack.com/intl/en-gb/blog/news,News,
Introducing Slack’s Australia State of Work report,https://slack.com/intl/en-gb/blog/collaboration/intl-aus-state-of-work-report,https://slack.com/intl/en-gb/blog/collaboration,Collaboration,"A new survey of 1,250 Australian knowledge workers on the modern workplace"
Adapting the way that we work when offices need to close,https://slack.com/intl/en-gb/blog/collaboration/business-continuity-at-slack-keeping-our-customers-up-and-running-during-covid-19,https://slack.com/intl/en-gb/blog/collaboration,Collaboration,
Introducing Slack’s UK State of Work report,https://slack.com/intl/en-gb/blog/collaboration/intl-uk-state-of-work-report,https://slack.com/intl/en-gb/blog/collaboration,Collaboration,"A new survey of 3,000 UK knowledge workers on the modern workplace"
Building ‘indistractable’ teams with Nir Eyal,https://slack.com/intl/en-gb/blog/productivity/building-indistractable-teams-with-nir-eyal,https://slack.com/intl/en-gb/blog/productivity,Productivity,"Four messages from the bestselling author on what being indistractable means, and how to foster a culture that promotes it"
How to ease growing pains when scaling a business,https://slack.com/intl/en-gb/blog/collaboration/ease-growing-pains-scaling-a-business,https://slack.com/intl/en-gb/blog/collaboration,Collaboration,"As your organisation grows in size, make sure that your internal culture scales accordingly with these helpful tips"
BCG’s Nadjia Yousif on investing in our tools and our teams,https://slack.com/intl/en-gb/blog/transformation/bcgs-nadjia-yousif-on-investing-in-our-tools-and-our-teams,https://slack.com/intl/en-gb/blog/transformation,Transformation,How to create a better relationship between your people and your tech
Why shared channels are so cool,https://slack.com/intl/en-gb/blog/news/intl-uk-shared-channels-growth-innovation,https://slack.com/intl/en-gb/blog/news,News,
How our IT team builds on our platform (and yours can too),https://slack.com/intl/en-gb/blog/transformation/how-our-it-team-builds-on-the-slack-platform,https://slack.com/intl/en-gb/blog/transformation,Transformation,"VP of Business Technology, Stephen Franchetti, shows how customising your Slack workspace can improve your employees’ everyday work experience"
Transparency in business: the next wave in company evolution,https://slack.com/intl/en-gb/blog/collaboration/transparency-in-business-company-evolution,https://slack.com/intl/en-gb/blog/collaboration,Collaboration,"Take it from the experts at Zappos and VSCO – honesty is the best policy, especially when it comes to your company’s long-term health"
Just for admins: tips for managing external access to channels,https://slack.com/intl/en-gb/blog/collaboration/intl-uk-shared-channels-admin-tips,https://slack.com/intl/en-gb/blog/collaboration,Collaboration,"Connect your teams with agencies, clients and vendors in Slack"
Productivity on the go: Slack helps your work to move with you,https://slack.com/intl/en-gb/blog/news/intl-uk-productivity-on-the-go-slack-helps-your-work-move-with-you,https://slack.com/intl/en-gb/blog/news,News,How Slack is making work more flexible for the 76% of active users working on mobile during the week
Getting work done in channels just got easier,https://slack.com/intl/en-gb/blog/productivity/intl-uk-new-slack-features-invites-message-formatting,https://slack.com/intl/en-gb/blog/productivity,Productivity,"Introducing improvements to formatting text, sending channel invitations and working with external partners in Slack"
Digital transformation in banking and financial services: the new frontier,https://slack.com/intl/en-gb/blog/transformation/digital-transformation-in-banking-and-financial-services-the-new-frontier,https://slack.com/intl/en-gb/blog/transformation,Transformation,Why financial institutions must prepare for a world where customers – and employees – seek competitive digital solutions
Not all daily active users are created equal: work is fuelled by true engagement,https://slack.com/intl/en-gb/blog/news/intl-en-gb-work-is-fuelled-by-true-engagement,https://slack.com/intl/en-gb/blog/news,News,Here’s how we build a platform to handle real engagement – to the tune of 5+ billion actions by our users every week in Slack
Share your enthusiasm: lead a Slack Community chapter,https://slack.com/intl/en-gb/blog/transformation/slack-community-chapter,https://slack.com/intl/en-gb/blog/transformation,Transformation,"We’re inviting motivated Slack developers, administrators and users to lead Slack Community chapters in their neck of the woods"
"Introducing a speedier, more efficient Slack desktop experience",https://slack.com/intl/en-gb/blog/productivity/intl-uk-introducing-a-more-efficient-slack-desktop-experience,https://slack.com/intl/en-gb/blog/productivity,Productivity,Voilà! The newest version of Slack is a whole lot faster – each second saved adds up to more time to get your work done
24 insightful questions for employee engagement surveys,https://slack.com/intl/en-gb/blog/collaboration/employee-engagement-survey-questions,https://slack.com/intl/en-gb/blog/collaboration,Collaboration,"Want to gauge team motivation and employee satisfaction at work? All you have to do is ask. 
"
